{"cameraMode":{"drawMode":0,"name":"Shaded","section":"Shading Mode"},"sceneLighting":true,"audioPlay":false,"sceneViewState":{"m_AlwaysRefresh":false,"showFog":true,"showSkybox":true,"showFlares":true,"showImageEffects":true,"showParticleSystems":true,"showVisualEffectGraphs":true,"m_FxEnabled":true},"in2DMode":false,"pivot":{"x":4.32517147064209,"y":0.2489108443260193,"z":3.2782719135284426},"rotation":{"x":0.32452481985092165,"y":0.5499823093414307,"z":-0.24462935328483582,"w":0.7296600341796875},"size":0.13600754737854005,"orthographic":true}